{"cameraMode":{"drawMode":0,"name":"Shaded","section":"Shading Mode"},"sceneLighting":true,"audioPlay":false,"sceneViewState":{"showFog":true,"showMaterialUpdate":false,"showSkybox":true,"showFlares":true,"showImageEffects":true,"showParticleSystems":true},"in2DMode":false,"pivot":{"x":0.12258434295654297,"y":4.173276901245117,"z":25.116857528686525},"rotation":{"x":0.5744530558586121,"y":0.2544788420200348,"z":-0.19349902868270875,"w":0.7539255023002625},"size":7.964475154876709,"orthographic":false}