{"cameraMode":{"drawMode":0,"name":"Shaded","section":"Shading Mode"},"sceneLighting":false,"audioPlay":false,"sceneViewState":{"showFog":true,"showMaterialUpdate":false,"showSkybox":false,"showFlares":true,"showImageEffects":true,"showParticleSystems":true},"in2DMode":false,"pivot":{"x":13.00036334991455,"y":1.1525002717971802,"z":8.0},"rotation":{"x":0.013237209059298039,"y":0.5011991858482361,"z":-0.007087226491421461,"w":0.8655499219894409},"size":2.759202241897583,"orthographic":false}