{"cameraMode":{"drawMode":0,"name":"Shaded","section":"Shading Mode"},"sceneLighting":false,"audioPlay":false,"sceneViewState":{"showFog":true,"showMaterialUpdate":false,"showSkybox":false,"showFlares":true,"showImageEffects":true,"showParticleSystems":true},"in2DMode":false,"pivot":{"x":0.1541663259267807,"y":-0.014897797256708146,"z":0.4098109304904938},"rotation":{"x":0.22461867332458497,"y":0.014461799524724484,"z":-0.0032669901847839357,"w":0.9746586680412293},"size":0.6247847676277161,"orthographic":false}