{"cameraMode":{"drawMode":0,"name":"Shaded","section":"Shading Mode"},"sceneLighting":false,"audioPlay":false,"sceneViewState":{"showFog":true,"showMaterialUpdate":false,"showSkybox":false,"showFlares":true,"showImageEffects":true,"showParticleSystems":true},"in2DMode":false,"pivot":{"x":0.12023213505744934,"y":-0.02709626592695713,"z":-0.2848014235496521},"rotation":{"x":0.16457344591617585,"y":-0.761715829372406,"z":0.1973036825656891,"w":0.5962629914283752},"size":0.7652580142021179,"orthographic":false}