{"cameraMode":{"drawMode":0,"name":"Shaded","section":"Shading Mode"},"sceneLighting":false,"audioPlay":false,"sceneViewState":{"showFog":true,"showMaterialUpdate":false,"showSkybox":false,"showFlares":true,"showImageEffects":true,"showParticleSystems":true},"in2DMode":false,"pivot":{"x":1.0000001192092896,"y":0.48638099431991579,"z":4.0},"rotation":{"x":0.3407362699508667,"y":0.42300519347190859,"z":-0.17506754398345948,"w":0.8215345740318298},"size":0.8397189378738403,"orthographic":false}