{"cameraMode":{"drawMode":0,"name":"Shaded","section":"Shading Mode"},"sceneLighting":false,"audioPlay":false,"sceneViewState":{"showFog":true,"showMaterialUpdate":false,"showSkybox":false,"showFlares":true,"showImageEffects":true,"showParticleSystems":true},"in2DMode":false,"pivot":{"x":-0.0003539919853210449,"y":0.3207505941390991,"z":0.0010763201862573624},"rotation":{"x":-0.011152633465826512,"y":1.0006383657455445,"z":-0.008990902453660965,"w":-0.002815378364175558},"size":0.6890159249305725,"orthographic":false}