{"cameraMode":{"drawMode":0,"name":"Shaded","section":"Shading Mode"},"sceneLighting":false,"audioPlay":false,"sceneViewState":{"showFog":true,"showMaterialUpdate":false,"showSkybox":false,"showFlares":true,"showImageEffects":true,"showParticleSystems":true},"in2DMode":false,"pivot":{"x":-4.76837158203125e-7,"y":1.102001667022705,"z":5.001608371734619},"rotation":{"x":0.12526638805866242,"y":0.8619391322135925,"z":-0.2565488815307617,"w":0.41920173168182375},"size":1.877740502357483,"orthographic":false}