{"cameraMode":{"drawMode":0,"name":"Shaded","section":"Shading Mode"},"sceneLighting":false,"audioPlay":false,"sceneViewState":{"showFog":true,"showMaterialUpdate":false,"showSkybox":false,"showFlares":true,"showImageEffects":true,"showParticleSystems":true},"in2DMode":false,"pivot":{"x":-0.03776431083679199,"y":2.0834503173828127,"z":0.09302186965942383},"rotation":{"x":0.49506643414497378,"y":0.06734513491392136,"z":-0.051772747188806537,"w":0.8655533194541931},"size":3.2180514335632326,"orthographic":false}