{"cameraMode":{"drawMode":0,"name":"Shaded","section":"Shading Mode"},"sceneLighting":false,"audioPlay":false,"sceneViewState":{"showFog":true,"showMaterialUpdate":false,"showSkybox":false,"showFlares":true,"showImageEffects":true,"showParticleSystems":true},"in2DMode":false,"pivot":{"x":-0.0027582645416259767,"y":0.1302323043346405,"z":-0.023197099566459657},"rotation":{"x":-0.12755315005779267,"y":0.859173595905304,"z":-0.4215155839920044,"w":-0.26081451773643496},"size":0.27010560035705569,"orthographic":false}