{"cameraMode":{"drawMode":0,"name":"Shaded","section":"Shading Mode"},"sceneLighting":false,"audioPlay":false,"sceneViewState":{"showFog":true,"showMaterialUpdate":false,"showSkybox":false,"showFlares":true,"showImageEffects":true,"showParticleSystems":true},"in2DMode":false,"pivot":{"x":0.012151718139648438,"y":1.2473232746124268,"z":0.0017914772033691407},"rotation":{"x":0.025356847792863847,"y":0.6037622094154358,"z":-0.01868836022913456,"w":0.7966548800468445},"size":3.2000346183776857,"orthographic":false}