{"cameraMode":{"drawMode":0,"name":"Shaded","section":"Shading Mode"},"sceneLighting":false,"audioPlay":false,"sceneViewState":{"showFog":true,"showMaterialUpdate":false,"showSkybox":false,"showFlares":true,"showImageEffects":true,"showParticleSystems":true},"in2DMode":false,"pivot":{"x":-18.002382278442384,"y":4.775855541229248,"z":4.0057759284973148},"rotation":{"x":-0.10702764987945557,"y":0.7512305974960327,"z":0.1265603005886078,"w":0.6390326619148254},"size":5.669422149658203,"orthographic":false}