{"cameraMode":{"drawMode":0,"name":"Shaded","section":"Shading Mode"},"sceneLighting":false,"audioPlay":false,"sceneViewState":{"showFog":true,"showMaterialUpdate":false,"showSkybox":false,"showFlares":true,"showImageEffects":true,"showParticleSystems":true},"in2DMode":false,"pivot":{"x":-0.008865833282470703,"y":4.775856018066406,"z":-0.008865594863891602},"rotation":{"x":0.01114965695887804,"y":0.9502587914466858,"z":0.03264888375997543,"w":-0.3098428547382355},"size":5.704738140106201,"orthographic":false}