{"cameraMode":{"drawMode":0,"name":"Shaded","section":"Shading Mode"},"sceneLighting":false,"audioPlay":false,"sceneViewState":{"showFog":true,"showMaterialUpdate":false,"showSkybox":false,"showFlares":true,"showImageEffects":true,"showParticleSystems":true},"in2DMode":false,"pivot":{"x":-0.0002897903323173523,"y":0.3424987196922302,"z":-0.00003372877836227417},"rotation":{"x":-0.011152633465826512,"y":1.0006383657455445,"z":-0.008990902453660965,"w":-0.002815378364175558},"size":0.5572519302368164,"orthographic":false}