{"cameraMode":{"drawMode":0,"name":"Shaded","section":"Shading Mode"},"sceneLighting":false,"audioPlay":false,"sceneViewState":{"showFog":true,"showMaterialUpdate":false,"showSkybox":false,"showFlares":true,"showImageEffects":true,"showParticleSystems":true},"in2DMode":false,"pivot":{"x":0.050778452306985858,"y":-0.40550339221954348,"z":-0.006496600806713104},"rotation":{"x":0.30479979515075686,"y":-0.6380107402801514,"z":0.29917505383491518,"w":0.641602098941803},"size":0.6234329342842102,"orthographic":false}