{"cameraMode":{"drawMode":0,"name":"Shaded","section":"Shading Mode"},"sceneLighting":false,"audioPlay":false,"sceneViewState":{"showFog":true,"showMaterialUpdate":false,"showSkybox":false,"showFlares":true,"showImageEffects":true,"showParticleSystems":true},"in2DMode":false,"pivot":{"x":-11.0,"y":0.6791996955871582,"z":1.9999990463256837},"rotation":{"x":-0.033005401492118838,"y":0.9783427119255066,"z":-0.1507987231016159,"w":-0.14349310100078584},"size":1.220175862312317,"orthographic":false}