{"cameraMode":{"drawMode":0,"name":"Shaded","section":"Shading Mode"},"sceneLighting":false,"audioPlay":false,"sceneViewState":{"showFog":true,"showMaterialUpdate":false,"showSkybox":false,"showFlares":true,"showImageEffects":true,"showParticleSystems":true},"in2DMode":false,"pivot":{"x":0.09224843978881836,"y":2.3913612365722658,"z":-3.8892388343811037},"rotation":{"x":0.15247753262519837,"y":0.823204517364502,"z":-0.2598385810852051,"w":0.4813985228538513},"size":4.846391677856445,"orthographic":false}