{"cameraMode":{"drawMode":0,"name":"Shaded","section":"Shading Mode"},"sceneLighting":false,"audioPlay":false,"sceneViewState":{"showFog":true,"showMaterialUpdate":false,"showSkybox":false,"showFlares":true,"showImageEffects":true,"showParticleSystems":true},"in2DMode":false,"pivot":{"x":21.217161178588868,"y":3.82429575920105,"z":14.310651779174805},"rotation":{"x":0.08818013966083527,"y":0.021643009036779405,"z":-0.013422840274870396,"w":0.9965260624885559},"size":2.6491565704345705,"orthographic":false}