{"cameraMode":{"drawMode":0,"name":"Shaded","section":"Shading Mode"},"sceneLighting":false,"audioPlay":false,"sceneViewState":{"showFog":true,"showMaterialUpdate":false,"showSkybox":false,"showFlares":true,"showImageEffects":true,"showParticleSystems":true},"in2DMode":false,"pivot":{"x":0.035141587257385257,"y":0.6677246689796448,"z":-0.022515535354614259},"rotation":{"x":0.24646499752998353,"y":-0.7544251084327698,"z":0.46175438165664675,"w":0.39749211072921755},"size":1.5303435325622559,"orthographic":false}