{"cameraMode":{"drawMode":0,"name":"Shaded","section":"Shading Mode"},"sceneLighting":false,"audioPlay":false,"sceneViewState":{"showFog":true,"showMaterialUpdate":false,"showSkybox":false,"showFlares":true,"showImageEffects":true,"showParticleSystems":true},"in2DMode":false,"pivot":{"x":1.1920928955078126e-7,"y":-1.4901161193847657e-8,"z":-0.02141766995191574},"rotation":{"x":0.173939049243927,"y":-0.731894850730896,"z":0.20240120589733125,"w":0.6278033256530762},"size":0.41322869062423708,"orthographic":false}