{"cameraMode":{"drawMode":0,"name":"Shaded","section":"Shading Mode"},"sceneLighting":false,"audioPlay":false,"sceneViewState":{"showFog":true,"showMaterialUpdate":false,"showSkybox":false,"showFlares":true,"showImageEffects":true,"showParticleSystems":true},"in2DMode":false,"pivot":{"x":-0.0018434524536132813,"y":1.0018922090530396,"z":0.5163836479187012},"rotation":{"x":0.28285497426986697,"y":0.18697741627693177,"z":-0.0718856081366539,"w":0.9390673041343689},"size":2.158735752105713,"orthographic":false}