{"cameraMode":{"drawMode":0,"name":"Shaded","section":"Shading Mode"},"sceneLighting":false,"audioPlay":false,"sceneViewState":{"showFog":true,"showMaterialUpdate":false,"showSkybox":false,"showFlares":true,"showImageEffects":true,"showParticleSystems":true},"in2DMode":false,"pivot":{"x":-29.994258880615236,"y":1.9931821823120118,"z":3.997617244720459},"rotation":{"x":0.34104278683662417,"y":0.45227816700935366,"z":-0.19183789193630219,"w":0.8015719652175903},"size":3.5457193851470949,"orthographic":false}