{"cameraMode":{"drawMode":0,"name":"Shaded","section":"Shading Mode"},"sceneLighting":false,"audioPlay":false,"sceneViewState":{"showFog":true,"showMaterialUpdate":false,"showSkybox":false,"showFlares":true,"showImageEffects":true,"showParticleSystems":true},"in2DMode":false,"pivot":{"x":-7.999999046325684,"y":2.3913609981536867,"z":-23.0},"rotation":{"x":-0.1451110541820526,"y":-0.08662441372871399,"z":0.011785735376179219,"w":-0.9856353998184204},"size":3.286176919937134,"orthographic":false}