{"cameraMode":{"drawMode":0,"name":"Shaded","section":"Shading Mode"},"sceneLighting":false,"audioPlay":false,"sceneViewState":{"showFog":true,"showMaterialUpdate":false,"showSkybox":false,"showFlares":true,"showImageEffects":true,"showParticleSystems":true},"in2DMode":false,"pivot":{"x":-0.593428373336792,"y":1.1192058324813843,"z":0.0000011585652828216553},"rotation":{"x":0.35658690333366396,"y":-0.11603837460279465,"z":0.04485040903091431,"w":0.9262712001800537},"size":1.2439818382263184,"orthographic":false}