{"cameraMode":{"drawMode":0,"name":"Shaded","section":"Shading Mode"},"sceneLighting":false,"audioPlay":false,"sceneViewState":{"showFog":true,"showMaterialUpdate":false,"showSkybox":false,"showFlares":true,"showImageEffects":true,"showParticleSystems":true},"in2DMode":false,"pivot":{"x":-0.0020864009857177736,"y":4.775857925415039,"z":0.006914854049682617},"rotation":{"x":0.011857601813971997,"y":0.9689939618110657,"z":-0.04495275765657425,"w":0.24305757880210877},"size":5.6847052574157719,"orthographic":false}