{"cameraMode":{"drawMode":0,"name":"Shaded","section":"Shading Mode"},"sceneLighting":false,"audioPlay":false,"sceneViewState":{"showFog":true,"showMaterialUpdate":false,"showSkybox":false,"showFlares":true,"showImageEffects":true,"showParticleSystems":true},"in2DMode":false,"pivot":{"x":0.11697259545326233,"y":-0.02509172260761261,"z":0.5237022638320923},"rotation":{"x":0.21853117644786836,"y":-0.7831751108169556,"z":0.3512064814567566,"w":0.46613672375679018},"size":0.7489075064659119,"orthographic":false}