{"cameraMode":{"drawMode":0,"name":"Shaded","section":"Shading Mode"},"sceneLighting":false,"audioPlay":false,"sceneViewState":{"showFog":true,"showMaterialUpdate":false,"showSkybox":false,"showFlares":true,"showImageEffects":true,"showParticleSystems":true},"in2DMode":false,"pivot":{"x":4.225912094116211,"y":-0.4436459243297577,"z":4.888707160949707},"rotation":{"x":0.2867498993873596,"y":-0.4901241958141327,"z":0.17426250874996186,"w":0.8051192760467529},"size":4.922699928283691,"orthographic":false}