{"cameraMode":{"drawMode":0,"name":"Shaded","section":"Shading Mode"},"sceneLighting":false,"audioPlay":false,"sceneViewState":{"showFog":true,"showMaterialUpdate":false,"showSkybox":false,"showFlares":true,"showImageEffects":true,"showParticleSystems":true},"in2DMode":false,"pivot":{"x":8.538827896118164,"y":35.22644805908203,"z":-38.14933395385742},"rotation":{"x":0.49506643414497378,"y":0.06734513491392136,"z":-0.051772747188806537,"w":0.8655533194541931},"size":29.33362579345703,"orthographic":false}