{"cameraMode":{"drawMode":0,"name":"Shaded","section":"Shading Mode"},"sceneLighting":false,"audioPlay":false,"sceneViewState":{"showFog":true,"showMaterialUpdate":false,"showSkybox":false,"showFlares":true,"showImageEffects":true,"showParticleSystems":true},"in2DMode":false,"pivot":{"x":-1.93007230758667,"y":0.9664316177368164,"z":-6.4999284744262699},"rotation":{"x":-0.01409367099404335,"y":0.9756401181221008,"z":-0.0690263956785202,"w":-0.208206444978714},"size":5.662158489227295,"orthographic":false}