{"cameraMode":{"drawMode":0,"name":"Shaded","section":"Shading Mode"},"sceneLighting":false,"audioPlay":false,"sceneViewState":{"showFog":true,"showMaterialUpdate":false,"showSkybox":false,"showFlares":true,"showImageEffects":true,"showParticleSystems":true},"in2DMode":false,"pivot":{"x":12.233796119689942,"y":-46.612037658691409,"z":22.729995727539064},"rotation":{"x":0.49506643414497378,"y":0.06734513491392136,"z":-0.051772747188806537,"w":0.8655533194541931},"size":64.14100646972656,"orthographic":false}