{"cameraMode":{"drawMode":0,"name":"Shaded","section":"Shading Mode"},"sceneLighting":false,"audioPlay":false,"sceneViewState":{"showFog":true,"showMaterialUpdate":false,"showSkybox":false,"showFlares":true,"showImageEffects":true,"showParticleSystems":true},"in2DMode":false,"pivot":{"x":-9.5367431640625e-7,"y":1.808756709098816,"z":-0.0316007137298584},"rotation":{"x":-0.006763794459402561,"y":-0.8436639308929443,"z":0.00884417723864317,"w":-0.5369186997413635},"size":3.4973182678222658,"orthographic":false}