{"cameraMode":{"drawMode":0,"name":"Shaded","section":"Shading Mode"},"sceneLighting":true,"audioPlay":false,"sceneViewState":{"showFog":true,"showMaterialUpdate":false,"showSkybox":true,"showFlares":true,"showImageEffects":true,"showParticleSystems":true},"in2DMode":false,"pivot":{"x":-13.17403793334961,"y":2.330842971801758,"z":13.409269332885743},"rotation":{"x":-0.027692489326000215,"y":0.7115153670310974,"z":-0.7034632563591003,"w":-0.010270703583955765},"size":10.321653366088868,"orthographic":false}