{"cameraMode":{"drawMode":0,"name":"Shaded","section":"Shading Mode"},"sceneLighting":false,"audioPlay":false,"sceneViewState":{"showFog":true,"showMaterialUpdate":false,"showSkybox":false,"showFlares":true,"showImageEffects":true,"showParticleSystems":true},"in2DMode":false,"pivot":{"x":-3.432612180709839,"y":-0.2756434679031372,"z":2.2988641262054445},"rotation":{"x":0.38727208971977236,"y":-0.5300939083099365,"z":0.2954791188240051,"w":0.6947967410087586},"size":1.8268755674362183,"orthographic":false}