{"cameraMode":{"drawMode":0,"name":"Shaded","section":"Shading Mode"},"sceneLighting":false,"audioPlay":false,"sceneViewState":{"showFog":true,"showMaterialUpdate":false,"showSkybox":false,"showFlares":true,"showImageEffects":true,"showParticleSystems":true},"in2DMode":false,"pivot":{"x":-21.87224578857422,"y":4.784049987792969,"z":-13.994894027709961},"rotation":{"x":0.025356847792863847,"y":0.6037622094154358,"z":-0.01868836022913456,"w":0.7966548800468445},"size":5.848627090454102,"orthographic":false}