{"cameraMode":{"drawMode":0,"name":"Shaded","section":"Shading Mode"},"sceneLighting":false,"audioPlay":false,"sceneViewState":{"showFog":true,"showMaterialUpdate":false,"showSkybox":false,"showFlares":true,"showImageEffects":true,"showParticleSystems":true},"in2DMode":false,"pivot":{"x":-0.042453765869140628,"y":2.3913607597351076,"z":1.1920928955078126e-7},"rotation":{"x":0.007469135336577892,"y":0.9929942488670349,"z":-0.0745648443698883,"w":0.09236593544483185},"size":3.3131704330444338,"orthographic":false}