{"cameraMode":{"drawMode":0,"name":"Shaded","section":"Shading Mode"},"sceneLighting":false,"audioPlay":false,"sceneViewState":{"showFog":true,"showMaterialUpdate":false,"showSkybox":false,"showFlares":true,"showImageEffects":true,"showParticleSystems":true},"in2DMode":false,"pivot":{"x":0.0000011920928955078126,"y":1.8246781826019288,"z":2.384185791015625e-7},"rotation":{"x":-0.006763794459402561,"y":-0.8436639308929443,"z":0.00884417723864317,"w":-0.5369186997413635},"size":3.400965690612793,"orthographic":false}