{"cameraMode":{"drawMode":0,"name":"Shaded","section":"Shading Mode"},"sceneLighting":false,"audioPlay":false,"sceneViewState":{"showFog":true,"showMaterialUpdate":false,"showSkybox":false,"showFlares":true,"showImageEffects":true,"showParticleSystems":true},"in2DMode":false,"pivot":{"x":-10.031268119812012,"y":2.115208864212036,"z":-3.9942588806152345},"rotation":{"x":-0.10032986849546433,"y":0.8313223719596863,"z":-0.16060492396354676,"w":-0.5227120518684387},"size":3.636319875717163,"orthographic":false}