{"cameraMode":{"drawMode":0,"name":"Shaded","section":"Shading Mode"},"sceneLighting":false,"audioPlay":false,"sceneViewState":{"showFog":true,"showMaterialUpdate":false,"showSkybox":false,"showFlares":true,"showImageEffects":true,"showParticleSystems":true},"in2DMode":false,"pivot":{"x":1.0,"y":0.49992895126342776,"z":8.923025131225586},"rotation":{"x":0.007723867427557707,"y":0.8981971144676209,"z":-0.43951764702796938,"w":0.013668972998857499},"size":1.4529606103897095,"orthographic":false}