{"cameraMode":{"drawMode":0,"name":"Shaded","section":"Shading Mode"},"sceneLighting":false,"audioPlay":false,"sceneViewState":{"showFog":true,"showMaterialUpdate":false,"showSkybox":false,"showFlares":true,"showImageEffects":true,"showParticleSystems":true},"in2DMode":false,"pivot":{"x":0.593428373336792,"y":1.1192058324813843,"z":0.0000011585652828216553},"rotation":{"x":-0.006763794459402561,"y":-0.8436639308929443,"z":0.00884417723864317,"w":-0.5369186997413635},"size":1.2439818382263184,"orthographic":false}