{"cameraMode":{"drawMode":0,"name":"Shaded","section":"Shading Mode"},"sceneLighting":false,"audioPlay":false,"sceneViewState":{"showFog":true,"showMaterialUpdate":false,"showSkybox":false,"showFlares":true,"showImageEffects":true,"showParticleSystems":true},"in2DMode":false,"pivot":{"x":4.76837158203125e-7,"y":2.3913612365722658,"z":-3.89619779586792},"rotation":{"x":0.016879891976714135,"y":0.9508950114250183,"z":-0.3050946593284607,"w":0.05105840414762497},"size":4.767171859741211,"orthographic":false}