{"cameraMode":{"drawMode":0,"name":"Shaded","section":"Shading Mode"},"sceneLighting":false,"audioPlay":false,"sceneViewState":{"showFog":true,"showMaterialUpdate":false,"showSkybox":false,"showFlares":true,"showImageEffects":true,"showParticleSystems":true},"in2DMode":false,"pivot":{"x":0.5817850828170776,"y":-0.5327186584472656,"z":0.7579123973846436},"rotation":{"x":0.49506643414497378,"y":0.06734513491392136,"z":-0.051772747188806537,"w":0.8655533194541931},"size":3.7673943042755129,"orthographic":false}