{"cameraMode":{"drawMode":0,"name":"Shaded","section":"Shading Mode"},"sceneLighting":false,"audioPlay":false,"sceneViewState":{"showFog":true,"showMaterialUpdate":false,"showSkybox":false,"showFlares":true,"showImageEffects":true,"showParticleSystems":true},"in2DMode":false,"pivot":{"x":-16.0,"y":-2.8955678939819338,"z":8.241527557373047},"rotation":{"x":0.001721724634990096,"y":-0.993404746055603,"z":0.11285259574651718,"w":0.024186721071600915},"size":5.069633483886719,"orthographic":false}