{"cameraMode":{"drawMode":0,"name":"Shaded","section":"Shading Mode"},"sceneLighting":false,"audioPlay":false,"sceneViewState":{"showFog":true,"showMaterialUpdate":false,"showSkybox":false,"showFlares":true,"showImageEffects":true,"showParticleSystems":true},"in2DMode":false,"pivot":{"x":-4.0,"y":1.0804888010025025,"z":-5.998392105102539},"rotation":{"x":0.005892486311495304,"y":-0.9871011972427368,"z":0.1552707999944687,"w":0.0408749096095562},"size":3.0804836750030519,"orthographic":false}