{"cameraMode":{"drawMode":0,"name":"Shaded","section":"Shading Mode"},"sceneLighting":false,"audioPlay":false,"sceneViewState":{"showFog":true,"showMaterialUpdate":false,"showSkybox":false,"showFlares":true,"showImageEffects":true,"showParticleSystems":true},"in2DMode":false,"pivot":{"x":2.6372528076171877,"y":0.3710460662841797,"z":-91.62467956542969},"rotation":{"x":0.49506643414497378,"y":0.06734513491392136,"z":-0.051772747188806537,"w":0.8655533194541931},"size":108.21817016601563,"orthographic":false}