{"cameraMode":{"drawMode":0,"name":"Shaded","section":"Shading Mode"},"sceneLighting":false,"audioPlay":false,"sceneViewState":{"showFog":true,"showMaterialUpdate":false,"showSkybox":false,"showFlares":true,"showImageEffects":true,"showParticleSystems":true},"in2DMode":false,"pivot":{"x":-0.3871411979198456,"y":0.0,"z":0.052722007036209109},"rotation":{"x":0.173939049243927,"y":-0.731894850730896,"z":0.20240120589733125,"w":0.6278033256530762},"size":0.8960769176483154,"orthographic":false}