{"cameraMode":{"drawMode":0,"name":"Shaded","section":"Shading Mode"},"sceneLighting":false,"audioPlay":false,"sceneViewState":{"showFog":true,"showMaterialUpdate":false,"showSkybox":false,"showFlares":true,"showImageEffects":true,"showParticleSystems":true},"in2DMode":false,"pivot":{"x":-8.999994277954102,"y":2.1515307426452638,"z":-1.2753584384918213},"rotation":{"x":0.0009921379387378693,"y":0.9972091317176819,"z":0.0758407935500145,"w":-0.0007551879971288145},"size":2.5336101055145265,"orthographic":false}