{"cameraMode":{"drawMode":0,"name":"Shaded","section":"Shading Mode"},"sceneLighting":false,"audioPlay":false,"sceneViewState":{"showFog":true,"showMaterialUpdate":false,"showSkybox":false,"showFlares":true,"showImageEffects":true,"showParticleSystems":true},"in2DMode":false,"pivot":{"x":-18.901607513427736,"y":1.9591559171676636,"z":-10.010652542114258},"rotation":{"x":0.06364794820547104,"y":0.7079946398735046,"z":0.06347431987524033,"w":-0.7006055116653442},"size":4.693360328674316,"orthographic":false}