{"cameraMode":{"drawMode":0,"name":"Shaded","section":"Shading Mode"},"sceneLighting":false,"audioPlay":false,"sceneViewState":{"showFog":true,"showMaterialUpdate":false,"showSkybox":false,"showFlares":true,"showImageEffects":true,"showParticleSystems":true},"in2DMode":false,"pivot":{"x":0.0,"y":1.5421483516693116,"z":0.38573160767555239},"rotation":{"x":-0.019030539318919183,"y":-0.9777584075927734,"z":0.09455899894237519,"w":-0.186707004904747},"size":2.5949783325195314,"orthographic":false}